accuracy,precision,recall,f1_score
0.8183333333333334,0.8407079646017699,0.7224334600760456,0.7770961145194274
